Algorithm,Size,Result,Constraint checks,Assignments,Completion time
BT,3,33.666666666666664,5.333333333333333,0.0
BT,4,294.66666666666663,22.666666666666668,0.0
BT+MRV,3,47.666666666666664,5.0,0.0
BT+MRV,4,67.0,7.0,0.0026661554972330728
FC,3,42.333333333333336,5.333333333333333,0.0
FC,4,105.0,9.333333333333334,0.002667029698689779
FC+MRV,3,44.0,5.0,0.0
FC+MRV,4,127.66666666666667,7.0,0.0
MAC,3,26.666666666666668,3.666666666666666,0.0
MAC,4,209.0,7.666666666666666,0.0
